<?xml version="1.0"?>
<doc>
    <assembly>
        <name>StudentMSAPI</name>
    </assembly>
    <members>
        <member name="M:StudentMSAPI.Controllers.StudentsController.GetStudents">
            <summary>
            Get list of Students.
            </summary>
            <returns></returns>
        </member>
        <member name="M:StudentMSAPI.Controllers.StudentsController.GetStudent(System.Int32)">
            <summary>
            Get individual Student
            </summary>
            <param name="studentId">The ID of the student</param>
            <returns></returns>
        </member>
        <member name="M:StudentMSAPI.Controllers.StudentsController.CreateStudent(StudentMSAPI.Models.Dtos.StudentDto)">
            <summary>
            Insert Students
            </summary>
            <param name="studentDto"></param>
            <returns></returns>
        </member>
        <member name="M:StudentMSAPI.Controllers.StudentsController.UpdateStudent(System.Int32,StudentMSAPI.Models.Dtos.StudentDto)">
            <summary>
            Update Student
            </summary>
            <param name="studentId">The ID of the student</param>
            <param name="studentDto"></param>
            <returns></returns>
        </member>
        <member name="M:StudentMSAPI.Controllers.StudentsController.DeleteStudent(System.Int32)">
            <summary>
            Delete Student
            </summary>
            <param name="studentId">The ID of the student</param>
            <returns></returns>
        </member>
    </members>
</doc>
